bug_id,user_id,task_id,created,finish_time,user_ip,link,timeout,project_id,id
1181835,None,1628,2019-02-22T13:30:47.532426,2019-02-22T13:34:43.593370,148.58.130.242,<link rel='self' title='taskrun' href='http://localhost:8081/api/taskrun/143'/>,None,7,143
1248267,None,1629,2019-02-22T13:30:47.612225,2019-02-22T13:36:41.537585,148.58.130.242,<link rel='self' title='taskrun' href='http://localhost:8081/api/taskrun/144'/>,None,7,144
1248268,None,1630,2019-02-22T13:34:43.629663,2019-02-22T13:37:54.519444,148.58.130.242,<link rel='self' title='taskrun' href='http://localhost:8081/api/taskrun/145'/>,None,7,145
1257087,None,1631,2019-02-22T13:36:41.567089,2019-02-22T13:38:58.780731,148.58.130.242,<link rel='self' title='taskrun' href='http://localhost:8081/api/taskrun/146'/>,None,7,146
1264988,None,1632,2019-02-22T13:37:54.548454,2019-02-22T13:40:18.103423,148.58.130.242,<link rel='self' title='taskrun' href='http://localhost:8081/api/taskrun/147'/>,None,7,147
1267480,None,1633,2019-02-22T13:38:58.810966,2019-02-22T13:41:47.817573,148.58.130.242,<link rel='self' title='taskrun' href='http://localhost:8081/api/taskrun/148'/>,None,7,148
1267501,None,1634,2019-02-22T13:40:18.133683,2019-02-22T13:42:53.731467,148.58.130.242,<link rel='self' title='taskrun' href='http://localhost:8081/api/taskrun/149'/>,None,7,149
1269348,None,1635,2019-02-22T13:41:47.846247,2019-02-22T13:44:55.739746,148.58.130.242,<link rel='self' title='taskrun' href='http://localhost:8081/api/taskrun/150'/>,None,7,150
1269485,None,1636,2019-02-22T13:42:53.761766,2019-02-22T13:46:19.958552,148.58.130.242,<link rel='self' title='taskrun' href='http://localhost:8081/api/taskrun/151'/>,None,7,151
1270274,None,1637,2019-02-22T13:44:55.767086,2019-02-22T13:47:38.865975,148.58.130.242,<link rel='self' title='taskrun' href='http://localhost:8081/api/taskrun/152'/>,None,7,152
1270983,None,1638,2019-02-22T13:46:19.988499,2019-02-22T13:49:08.295890,148.58.130.242,<link rel='self' title='taskrun' href='http://localhost:8081/api/taskrun/153'/>,None,7,153
1271607,None,1639,2019-02-22T13:47:38.894141,2019-02-22T13:50:03.099284,148.58.130.242,<link rel='self' title='taskrun' href='http://localhost:8081/api/taskrun/154'/>,None,7,154
1271607,2,1639,2019-02-26T17:10:26.545043,2019-02-26T17:14:37.701354,None,<link rel='self' title='taskrun' href='http://localhost:8081/api/taskrun/221'/>,None,7,221
1276120,None,1640,2019-02-22T13:49:08.326803,2019-02-22T13:50:49.801310,148.58.130.242,<link rel='self' title='taskrun' href='http://localhost:8081/api/taskrun/155'/>,None,7,155
1276120,2,1640,2019-02-26T17:10:26.605618,2019-02-26T17:16:49.802427,None,<link rel='self' title='taskrun' href='http://localhost:8081/api/taskrun/222'/>,None,7,222
1277937,None,1641,2019-02-22T13:50:03.131503,2019-02-22T13:52:17.545963,148.58.130.242,<link rel='self' title='taskrun' href='http://localhost:8081/api/taskrun/156'/>,None,7,156
1277937,2,1641,2019-02-26T17:14:37.734945,2019-02-26T17:20:36.351961,None,<link rel='self' title='taskrun' href='http://localhost:8081/api/taskrun/223'/>,None,7,223
1278388,None,1642,2019-02-22T13:50:49.829091,2019-02-22T13:53:25.186057,148.58.130.242,<link rel='self' title='taskrun' href='http://localhost:8081/api/taskrun/157'/>,None,7,157
1278388,2,1642,2019-02-26T17:16:49.830780,2019-02-26T17:22:51.994654,None,<link rel='self' title='taskrun' href='http://localhost:8081/api/taskrun/224'/>,None,7,224
1279140,None,1643,2019-02-22T14:45:21.079376,2019-02-22T14:49:21.528338,148.58.130.242,<link rel='self' title='taskrun' href='http://localhost:8081/api/taskrun/158'/>,None,7,158
1279143,None,1644,2019-02-22T14:45:21.160086,2019-02-22T14:52:34.119666,148.58.130.242,<link rel='self' title='taskrun' href='http://localhost:8081/api/taskrun/159'/>,None,7,159
1279864,None,1645,2019-02-22T14:49:21.558833,2019-02-22T14:54:15.763762,148.58.130.242,<link rel='self' title='taskrun' href='http://localhost:8081/api/taskrun/160'/>,None,7,160
1281190,None,1646,2019-02-22T14:52:34.148712,2019-02-22T14:57:18.804929,148.58.130.242,<link rel='self' title='taskrun' href='http://localhost:8081/api/taskrun/161'/>,None,7,161
1281493,None,1647,2019-02-22T14:54:15.792740,2019-02-22T14:59:33.661416,148.58.130.242,<link rel='self' title='taskrun' href='http://localhost:8081/api/taskrun/162'/>,None,7,162
1282759,None,1648,2019-02-22T14:57:18.833963,2019-02-22T15:01:48.754848,148.58.130.242,<link rel='self' title='taskrun' href='http://localhost:8081/api/taskrun/163'/>,None,7,163
1283542,None,1649,2019-02-22T14:59:33.690822,2019-02-22T15:12:58.120624,148.58.130.242,<link rel='self' title='taskrun' href='http://localhost:8081/api/taskrun/164'/>,None,7,164
1285041,None,1650,2019-02-22T15:01:48.780121,2019-02-22T15:15:42.894522,148.58.130.242,<link rel='self' title='taskrun' href='http://localhost:8081/api/taskrun/165'/>,None,7,165
1285328,None,1651,2019-02-22T15:12:58.149138,2019-02-22T15:16:41.469334,148.58.130.242,<link rel='self' title='taskrun' href='http://localhost:8081/api/taskrun/166'/>,None,7,166
1287384,None,1652,2019-02-22T15:15:42.921878,2019-02-22T15:18:46.170838,148.58.130.242,<link rel='self' title='taskrun' href='http://localhost:8081/api/taskrun/167'/>,None,7,167
1287687,None,1653,2019-02-22T15:16:41.521944,2019-02-22T15:19:59.224072,148.58.130.242,<link rel='self' title='taskrun' href='http://localhost:8081/api/taskrun/168'/>,None,7,168
1287748,None,1654,2019-02-22T15:18:46.202532,2019-02-22T15:21:14.933931,148.58.130.242,<link rel='self' title='taskrun' href='http://localhost:8081/api/taskrun/169'/>,None,7,169
1287748,2,1654,2019-02-26T17:20:36.380945,2019-02-26T17:24:11.629896,None,<link rel='self' title='taskrun' href='http://localhost:8081/api/taskrun/225'/>,None,7,225
1287823,None,1655,2019-02-22T15:19:59.257860,2019-02-22T15:23:17.488638,148.58.130.242,<link rel='self' title='taskrun' href='http://localhost:8081/api/taskrun/170'/>,None,7,170
1287823,2,1655,2019-02-26T17:22:52.021393,2019-02-26T17:27:12.492738,None,<link rel='self' title='taskrun' href='http://localhost:8081/api/taskrun/226'/>,None,7,226
1289240,None,1656,2019-02-22T15:21:14.963268,2019-02-22T15:23:45.665124,148.58.130.242,<link rel='self' title='taskrun' href='http://localhost:8081/api/taskrun/171'/>,None,7,171
1289240,2,1656,2019-02-26T17:24:11.662145,2019-02-26T17:28:34.273686,None,<link rel='self' title='taskrun' href='http://localhost:8081/api/taskrun/227'/>,None,7,227
1289832,None,1657,2019-02-22T15:23:17.521473,2019-02-22T15:25:44.327962,148.58.130.242,<link rel='self' title='taskrun' href='http://localhost:8081/api/taskrun/172'/>,None,7,172
1289832,2,1657,2019-02-26T17:27:12.520457,2019-02-26T17:30:21.043099,None,<link rel='self' title='taskrun' href='http://localhost:8081/api/taskrun/228'/>,None,7,228
1290424,None,1658,2019-02-25T12:14:12.449025,2019-02-25T12:16:22.585253,148.58.130.242,<link rel='self' title='taskrun' href='http://localhost:8081/api/taskrun/173'/>,None,7,173
1291770,None,1659,2019-02-25T12:14:12.596164,2019-02-25T12:18:09.977364,148.58.130.242,<link rel='self' title='taskrun' href='http://localhost:8081/api/taskrun/174'/>,None,7,174
1292566,None,1660,2019-02-25T12:16:22.623457,2019-02-25T12:19:40.866378,148.58.130.242,<link rel='self' title='taskrun' href='http://localhost:8081/api/taskrun/175'/>,None,7,175
1292573,None,1661,2019-02-25T12:18:10.004787,2019-02-25T12:20:42.570858,148.58.130.242,<link rel='self' title='taskrun' href='http://localhost:8081/api/taskrun/176'/>,None,7,176
1293308,None,1662,2019-02-25T12:19:40.899668,2019-02-25T12:21:00.962558,148.58.130.242,<link rel='self' title='taskrun' href='http://localhost:8081/api/taskrun/177'/>,None,7,177
1294733,None,1663,2019-02-25T12:20:42.600251,2019-02-25T12:21:45.607466,148.58.130.242,<link rel='self' title='taskrun' href='http://localhost:8081/api/taskrun/178'/>,None,7,178
1294887,None,1664,2019-02-25T12:21:01.001911,2019-02-25T12:24:08.108334,148.58.130.242,<link rel='self' title='taskrun' href='http://localhost:8081/api/taskrun/179'/>,None,7,179
1295502,None,1665,2019-02-25T12:21:45.637111,2019-02-25T12:24:46.545974,148.58.130.242,<link rel='self' title='taskrun' href='http://localhost:8081/api/taskrun/180'/>,None,7,180
1296322,None,1666,2019-02-25T12:24:08.138181,2019-02-25T12:24:56.767442,148.58.130.242,<link rel='self' title='taskrun' href='http://localhost:8081/api/taskrun/181'/>,None,7,181
1296366,None,1667,2019-02-25T12:24:46.574269,2019-02-25T12:25:38.548638,148.58.130.242,<link rel='self' title='taskrun' href='http://localhost:8081/api/taskrun/182'/>,None,7,182
1296861,None,1668,2019-02-25T12:24:56.799676,2019-02-25T12:25:55.939141,148.58.130.242,<link rel='self' title='taskrun' href='http://localhost:8081/api/taskrun/183'/>,None,7,183
1296861,2,1668,2019-02-26T17:28:34.310710,2019-02-26T17:31:12.204490,None,<link rel='self' title='taskrun' href='http://localhost:8081/api/taskrun/229'/>,None,7,229
1297336,None,1669,2019-02-25T12:25:38.576810,2019-02-25T12:27:07.628389,148.58.130.242,<link rel='self' title='taskrun' href='http://localhost:8081/api/taskrun/184'/>,None,7,184
1297336,2,1669,2019-02-26T17:30:21.068620,2019-02-26T17:33:58.196941,None,<link rel='self' title='taskrun' href='http://localhost:8081/api/taskrun/230'/>,None,7,230
1297374,None,1670,2019-02-25T18:18:18.111999,2019-02-25T18:21:55.212628,148.58.130.242,<link rel='self' title='taskrun' href='http://localhost:8081/api/taskrun/185'/>,None,7,185
1297686,None,1671,2019-02-25T18:18:18.154039,2019-02-25T18:23:43.724160,148.58.130.242,<link rel='self' title='taskrun' href='http://localhost:8081/api/taskrun/186'/>,None,7,186
1297976,None,1672,2019-02-25T18:21:55.242347,2019-02-25T18:26:05.205622,148.58.130.242,<link rel='self' title='taskrun' href='http://localhost:8081/api/taskrun/187'/>,None,7,187
1299458,None,1673,2019-02-25T18:23:43.756334,2019-02-25T18:26:48.821217,148.58.130.242,<link rel='self' title='taskrun' href='http://localhost:8081/api/taskrun/188'/>,None,7,188
1300738,None,1674,2019-02-25T18:26:05.233901,2019-02-25T18:28:26.169041,148.58.130.242,<link rel='self' title='taskrun' href='http://localhost:8081/api/taskrun/189'/>,None,7,189
1301056,None,1675,2019-02-25T18:26:48.850309,2019-02-25T18:29:24.685253,148.58.130.242,<link rel='self' title='taskrun' href='http://localhost:8081/api/taskrun/190'/>,None,7,190
1301421,None,1676,2019-02-25T18:28:26.194962,2019-02-25T18:30:30.090694,148.58.130.242,<link rel='self' title='taskrun' href='http://localhost:8081/api/taskrun/191'/>,None,7,191
1301784,None,1677,2019-02-25T18:29:24.713355,2019-02-25T18:32:32.814830,148.58.130.242,<link rel='self' title='taskrun' href='http://localhost:8081/api/taskrun/192'/>,None,7,192
1302468,None,1678,2019-02-25T18:30:30.120933,2019-02-25T18:33:24.906208,148.58.130.242,<link rel='self' title='taskrun' href='http://localhost:8081/api/taskrun/193'/>,None,7,193
1303339,None,1679,2019-02-25T18:32:32.857265,2019-02-25T18:33:41.090273,148.58.130.242,<link rel='self' title='taskrun' href='http://localhost:8081/api/taskrun/194'/>,None,7,194
1305195,None,1680,2019-02-25T18:33:24.935775,2019-02-25T18:34:45.449578,148.58.130.242,<link rel='self' title='taskrun' href='http://localhost:8081/api/taskrun/195'/>,None,7,195
1305676,None,1681,2019-02-25T18:33:41.114953,2019-02-25T18:35:10.106612,148.58.130.242,<link rel='self' title='taskrun' href='http://localhost:8081/api/taskrun/196'/>,None,7,196
1305676,2,1681,2019-02-26T19:10:29.474693,2019-02-26T19:12:01.105564,None,<link rel='self' title='taskrun' href='http://localhost:8081/api/taskrun/231'/>,None,7,231
1305737,None,1682,2019-02-25T18:34:45.476951,2019-02-25T18:35:20.512152,148.58.130.242,<link rel='self' title='taskrun' href='http://localhost:8081/api/taskrun/197'/>,None,7,197
1305737,2,1682,2019-02-26T19:10:29.615739,2019-02-26T19:12:44.889391,None,<link rel='self' title='taskrun' href='http://localhost:8081/api/taskrun/232'/>,None,7,232
1306639,None,1683,2019-02-25T18:35:10.130409,2019-02-25T18:35:55.485258,148.58.130.242,<link rel='self' title='taskrun' href='http://localhost:8081/api/taskrun/198'/>,None,7,198
1306639,2,1683,2019-02-26T19:12:01.134966,2019-02-26T19:14:07.911246,None,<link rel='self' title='taskrun' href='http://localhost:8081/api/taskrun/233'/>,None,7,233
1309856,None,1684,2019-02-25T18:35:20.543503,2019-02-25T18:36:08.119078,148.58.130.242,<link rel='self' title='taskrun' href='http://localhost:8081/api/taskrun/199'/>,None,7,199
1309856,2,1684,2019-02-26T19:12:44.917664,2019-02-26T19:14:44.048882,None,<link rel='self' title='taskrun' href='http://localhost:8081/api/taskrun/234'/>,None,7,234
1311998,None,1685,2019-02-25T18:35:55.512388,2019-02-25T18:36:21.658698,148.58.130.242,<link rel='self' title='taskrun' href='http://localhost:8081/api/taskrun/200'/>,None,7,200
1311998,2,1685,2019-02-26T19:14:07.941590,2019-02-26T19:15:27.116017,None,<link rel='self' title='taskrun' href='http://localhost:8081/api/taskrun/235'/>,None,7,235
1312018,None,1686,2019-02-25T18:36:08.148849,2019-02-25T18:38:03.298058,148.58.130.242,<link rel='self' title='taskrun' href='http://localhost:8081/api/taskrun/201'/>,None,7,201
1312018,2,1686,2019-02-26T19:14:44.077350,2019-02-26T19:15:55.012464,None,<link rel='self' title='taskrun' href='http://localhost:8081/api/taskrun/236'/>,None,7,236
1313290,None,1687,2019-02-25T18:36:21.687313,2019-02-25T18:39:11.464383,148.58.130.242,<link rel='self' title='taskrun' href='http://localhost:8081/api/taskrun/202'/>,None,7,202
1313290,2,1687,2019-02-26T19:15:27.147976,2019-02-26T19:16:27.410710,None,<link rel='self' title='taskrun' href='http://localhost:8081/api/taskrun/237'/>,None,7,237
1313778,None,1688,2019-02-25T18:38:03.330214,2019-02-25T18:39:20.288367,148.58.130.242,<link rel='self' title='taskrun' href='http://localhost:8081/api/taskrun/203'/>,None,7,203
1313778,2,1688,2019-02-26T19:15:55.050721,2019-02-26T19:16:42.400560,None,<link rel='self' title='taskrun' href='http://localhost:8081/api/taskrun/238'/>,None,7,238
1313969,None,1689,2019-02-25T18:39:11.496294,2019-02-25T18:39:47.303451,148.58.130.242,<link rel='self' title='taskrun' href='http://localhost:8081/api/taskrun/204'/>,None,7,204
1313969,2,1689,2019-02-26T19:16:27.450879,2019-02-26T19:17:05.437427,None,<link rel='self' title='taskrun' href='http://localhost:8081/api/taskrun/239'/>,None,7,239
1314643,1,1690,2019-02-25T19:00:42.531898,2019-02-25T19:00:52.261462,None,<link rel='self' title='taskrun' href='http://localhost:8081/api/taskrun/206'/>,None,7,206
1314643,2,1690,2019-02-26T19:16:42.430718,2019-02-26T19:17:30.119398,None,<link rel='self' title='taskrun' href='http://localhost:8081/api/taskrun/240'/>,None,7,240
1315514,2,1691,2019-02-26T19:17:05.468872,2019-02-26T19:17:59.755482,None,<link rel='self' title='taskrun' href='http://localhost:8081/api/taskrun/241'/>,None,7,241
1316126,2,1692,2019-02-26T19:17:30.148853,2019-02-26T19:18:25.594489,None,<link rel='self' title='taskrun' href='http://localhost:8081/api/taskrun/242'/>,None,7,242
1318903,2,1693,2019-02-27T19:19:25.790708,2019-02-27T19:23:01.328804,None,<link rel='self' title='taskrun' href='http://localhost:8081/api/taskrun/243'/>,None,7,243
1319119,2,1694,2019-02-27T19:19:25.826822,2019-02-27T19:25:07.433518,None,<link rel='self' title='taskrun' href='http://localhost:8081/api/taskrun/244'/>,None,7,244
1319433,2,1695,2019-02-27T19:23:01.376312,2019-02-27T19:25:53.655191,None,<link rel='self' title='taskrun' href='http://localhost:8081/api/taskrun/245'/>,None,7,245
1319919,2,1696,2019-02-27T19:25:07.483865,2019-02-27T19:29:20.270698,None,<link rel='self' title='taskrun' href='http://localhost:8081/api/taskrun/246'/>,None,7,246
1320557,2,1697,2019-02-27T19:25:53.687183,2019-02-27T19:31:44.771230,None,<link rel='self' title='taskrun' href='http://localhost:8081/api/taskrun/247'/>,None,7,247
1323211,2,1698,2019-02-27T19:29:20.300427,2019-02-27T19:35:21.602962,None,<link rel='self' title='taskrun' href='http://localhost:8081/api/taskrun/248'/>,None,7,248
1325902,2,1699,2019-02-27T19:31:44.804174,2019-02-27T19:37:13.560377,None,<link rel='self' title='taskrun' href='http://localhost:8081/api/taskrun/249'/>,None,7,249
1328913,2,1700,2019-02-27T19:35:21.658604,2019-02-27T19:42:12.448331,None,<link rel='self' title='taskrun' href='http://localhost:8081/api/taskrun/250'/>,None,7,250
1330745,2,1701,2019-02-27T19:37:13.598292,2019-02-27T19:43:35.006503,None,<link rel='self' title='taskrun' href='http://localhost:8081/api/taskrun/251'/>,None,7,251
1334844,2,1702,2019-02-27T19:42:12.476057,2019-02-27T19:44:46.637842,None,<link rel='self' title='taskrun' href='http://localhost:8081/api/taskrun/252'/>,None,7,252
1335538,2,1703,2019-02-27T19:43:35.042343,2019-02-27T19:45:34.720819,None,<link rel='self' title='taskrun' href='http://localhost:8081/api/taskrun/253'/>,None,7,253
